Workbook

Sheet الغلاف
A1: حاسبة الميراث وتقسيم التركة الشرعية
A6: وزّع التركة وفق أحكام الفرائض الإسلامية – بدقة ووضوح
B9: 📜 صافي التركة | E9: 👨‍👩‍👧‍👦 أصحاب الفروض | H9: ⚖️ التعصيب
B10: بعد الديون والوصية | E10: الأنصبة الثابتة | H10: ما بقي من التركة
B13: 🧮 التقسيم | E13: 📊 المخطط البياني | H13: 📖 دليل الفرائض
B14: نصيب كل وارث | E14: توزيع مرئي | H14: مرجع شرعي

Sheet صافي التركة
A1: حساب صافي التركة القابلة للتوزيع
A2: ⚠️ هذه أداة استرشادية – التقسيم النهائي يجب أن يُعتمد من محكمة أو عالم مختص بالفرائض
A4: أولاً: إجمالي أصول المتوفى
A5: النقد والودائع البنكية (ريال) | B5: 0
A6: العقارات (ريال) | B6: 0
A7: الأسهم والاستثمارات (ريال) | B7: 0
A8: السيارات والمنقولات (ريال) | B8: 0
A9: الذهب والمجوهرات (ريال) | B9: 0
A10: مستحقات وديون له (ريال) | B10: 0
A11: أصول أخرى (ريال) | B11: 0
A12: إجمالي الأصول | B12: =SUM(B5:B11) -> 0
A14: ثانياً: الخصومات (بالترتيب الشرعي)
A15: ① تجهيز ودفن المتوفى (ريال) | B15: 0
A16: ② الديون المستحقة عليه (ريال) | B16: 0
A17: ③ الوصية (بحد أقصى الثلث) (ريال) | B17: 0
A18: التحقق: هل الوصية ضمن الثلث؟ | B18: =IF(B17<=(B12-B15-B16)/3,"✅ ضمن الحد","⚠️ تتجاوز الثلث - تحتاج إجازة الورثة") -> ✅ ضمن الحد
A19: إجمالي الخصومات | B19: =SUM(B15:B17) -> 0
A21: ⭐ صافي التركة القابلة للتوزيع
A22: صافي التركة (ريال) | B22: =MAX(B12-B19,0) -> 0
A24: 🔑 دليل الألوان:
A25: خلايا الإدخال
A26: خلايا محسوبة
A27: نتائج رئيسية
A28: تحذير/سلبي

Sheet الورثة والأنصبة
A1: تحديد الورثة وأنصبتهم الشرعية
A2: أدخل عدد كل نوع من الورثة – ثم راجع ورقة 'التقسيم' للنتائج
A4: صافي التركة (من ورقة صافي التركة) (ريال) | B4: ='صافي التركة'!B22 -> 0
A6: عدد الورثة من كل نوع
A7: الوارث | B7: العدد | C7: الفرض الأساسي | D7: الحالة
A8: الزوج | B8: 0 | C8: النصف أو الربع | D8: يرث النصف إن لم يكن فرع وارث، والربع إن وُجد
A9: الزوجة (أو الزوجات) | B9: 0 | C9: الربع أو الثمن | D9: الربع إن لم يكن فرع وارث، والثمن إن وُجد
A10: الأب | B10: 0 | C10: السدس + تعصيب | D10: السدس فرضاً مع وجود الابن، وتعصيب بدونه
A11: الأم | B11: 0 | C11: السدس أو الثلث | D11: الثلث إن لم يكن فرع وارث/إخوة، والسدس مع وجودهم
A12: الابن | B12: 0 | C12: تعصيب | D12: يأخذ الباقي، وللذكر مثل حظ الأنثيين
A13: البنت | B13: 0 | C13: النصف/الثلثان/تعصيب | D13: النصف للواحدة، الثلثان لأكثر، وتعصيب مع الابن
A14: الجد (أب الأب) | B14: 0 | C14: السدس + تعصيب | D14: كالأب عند عدم وجوده
A15: الجدة | B15: 0 | C15: السدس | D15: السدس عند عدم وجود الأم
A16: الأخ الشقيق | B16: 0 | C16: تعصيب | D16: يرث الباقي عند عدم وجود الفرع والأصل الذكر
A17: الأخت الشقيقة | B17: 0 | C17: النصف/الثلثان/تعصيب | D17: حسب العدد ووجود المعصّب
A19: 🔑 دليل الألوان:
A20: خلايا الإدخال
A21: خلايا محسوبة
A22: نتائج رئيسية
A23: تحذير/سلبي

Sheet التقسيم
A1: تقسيم التركة على الورثة
A2: ⚠️ هذا تقدير مبسط للحالات الشائعة – الحالات المعقدة (العول، الرد، الحجب) تحتاج مختصاً
A4: صافي التركة (ريال) | B4: ='الورثة والأنصبة'!B4 -> 0
A6: الوارث | B6: العدد | C6: نوع النصيب | D6: النسبة | E6: إجمالي النصيب (ريال) | F6: نصيب الفرد (ريال)
A7: الزوج | B7: ='الورثة والأنصبة'!B8 -> 0 | C7: =IF(B7=0,"-",IF(OR('الورثة والأنصبة'!B12>0,'الورثة والأنصبة'!B13>0),"الربع","النصف")) -> - | D7: =IF(B7=0,0,IF(OR('الورثة والأنصبة'!B12>0,'الورثة والأنصبة'!B13>0),0.25,0.5)) -> 0 | E7: =$B$4*D7 -> 0 | F7: =IF(B7=0,0,E7/B7) -> 0
A8: الزوجة | B8: ='الورثة والأنصبة'!B9 -> 0 | C8: =IF(B8=0,"-",IF(OR('الورثة والأنصبة'!B12>0,'الورثة والأنصبة'!B13>0),"الثمن","الربع")) -> - | D8: =IF(B8=0,0,IF(OR('الورثة والأنصبة'!B12>0,'الورثة والأنصبة'!B13>0),0.125,0.25)) -> 0 | E8: =$B$4*D8 -> 0 | F8: =IF(B8=0,0,E8/B8) -> 0
A9: الأب | B9: ='الورثة والأنصبة'!B10 -> 0 | C9: =IF(B9=0,"-","السدس+") -> - | D9: =IF(B9=0,0,1/6) -> 0 | E9: =$B$4*D9 -> 0 | F9: =IF(B9=0,0,E9/B9) -> 0
A10: الأم | B10: ='الورثة والأنصبة'!B11 -> 0 | C10: =IF(B10=0,"-",IF(OR('الورثة والأنصبة'!B12>0,'الورثة والأنصبة'!B13>0),"السدس","الثلث")) -> - | D10: =IF(B10=0,0,IF(OR('الورثة والأنصبة'!B12>0,'الورثة والأنصبة'!B13>0),1/6,1/3)) -> 0 | E10: =$B$4*D10 -> 0 | F10: =IF(B10=0,0,E10/B10) -> 0
A11: الابن | B11: ='الورثة والأنصبة'!B12 -> 0 | C11: =IF(B11=0,"-","تعصيب (الباقي)") -> - | D11: =IF(B11=0,0,MAX(1-SUMIF(D7:D16,"<1")*0,0)) -> 0 | E11: =$B$4*D11 -> 0 | F11: =IF(B11=0,0,E11/B11) -> 0
A12: البنت | B12: ='الورثة والأنصبة'!B13 -> 0 | C12: =IF(B12=0,"-",IF('الورثة والأنصبة'!B12>0,"تعصيب",IF(B12=1,"النصف","الثلثان"))) -> - | D12: =IF(B12=0,0,IF('الورثة والأنصبة'!B12>0,0,IF(B12=1,0.5,2/3))) -> 0 | E12: =$B$4*D12 -> 0 | F12: =IF(B12=0,0,E12/B12) -> 0
A13: الجد | B13: ='الورثة والأنصبة'!B14 -> 0 | C13: =IF(B13=0,"-","يحدده المختص") -> - | D13: =0 -> 0 | E13: =$B$4*D13 -> 0 | F13: =IF(B13=0,0,E13/B13) -> 0
A14: الجدة | B14: ='الورثة والأنصبة'!B15 -> 0 | C14: =IF(B14=0,"-","يحدده المختص") -> - | D14: =0 -> 0 | E14: =$B$4*D14 -> 0 | F14: =IF(B14=0,0,E14/B14) -> 0
A15: الأخ الشقيق | B15: ='الورثة والأنصبة'!B16 -> 0 | C15: =IF(B15=0,"-","يحدده المختص") -> - | D15: =0 -> 0 | E15: =$B$4*D15 -> 0 | F15: =IF(B15=0,0,E15/B15) -> 0
A16: الأخت الشقيقة | B16: ='الورثة والأنصبة'!B17 -> 0 | C16: =IF(B16=0,"-","يحدده المختص") -> - | D16: =0 -> 0 | E16: =$B$4*D16 -> 0 | F16: =IF(B16=0,0,E16/B16) -> 0
A17: إجمالي الفروض الموزعة | E17: =SUM(E7:E16) -> 0
A18: الباقي للتعصيب (الأبناء) (ريال) | E18: =MAX($B$4-E17,0) -> 0
A20: 📖 ملاحظة: في حال وجود أبناء ذكور، يُقسّم الباقي بينهم وبين البنات: للذكر مثل حظ الأنثيين. راجع ورقة 'دليل الفرائض'
A23: 🔑 دليل الألوان:
A24: خلايا الإدخال
A25: خلايا محسوبة
A26: نتائج رئيسية
A27: تحذير/سلبي

Sheet دليل الفرائض
A1: دليل الفرائض والأنصبة الشرعية
A3: أصحاب الفروض المقدّرة
A4: النصيب | B4: من يستحقه
A5: النصف (1/2) | B5: الزوج (بلا فرع وارث) · البنت الواحدة · بنت الابن · الأخت الشقيقة الواحدة
A6: الربع (1/4) | B6: الزوج (مع فرع وارث) · الزوجة (بلا فرع وارث)
A7: الثمن (1/8) | B7: الزوجة (مع فرع وارث)
A8: الثلثان (2/3) | B8: البنتان فأكثر · بنتا الابن · الأختان الشقيقتان فأكثر
A9: الثلث (1/3) | B9: الأم (بلا فرع وارث ولا إخوة) · الإخوة لأم (اثنان فأكثر)
A10: السدس (1/6) | B10: الأب والأم (مع الفرع الوارث) · الجدة · بنت الابن مع البنت · الأخ لأم
A12: قواعد مهمة
A13: • العصبة: من يأخذ ما بقي بعد أصحاب الفروض (الابن، الأب، الأخ...)
A14: • للذكر مثل حظ الأنثيين عند اجتماع الذكور والإناث في التعصيب
A15: • الحجب: قد يُحجب بعض الورثة بوجود آخرين (مثلاً الأخ يُحجب بالابن)
A16: • العول: إذا زادت الفروض عن التركة تُقسّم بالنسبة والتناسب
A17: • الرد: إذا بقي شيء بعد الفروض ولا عصبة، يُرد على أصحاب الفروض
A18: • الكلالة والمسائل المعقدة تحتاج مختصاً في علم الفرائض
